{
  "overall": {
    "TRTR_acc": 0.7008547008547008,
    "ROC_AUC": 0.7715016233766234,
    "confusion_matrix": [
      [
        249,
        101
      ],
      [
        109,
        243
      ]
    ],
    "classification_report": "              precision    recall  f1-score   support\n\n           0      0.696     0.711     0.703       350\n           1      0.706     0.690     0.698       352\n\n    accuracy                          0.701       702\n   macro avg      0.701     0.701     0.701       702\nweighted avg      0.701     0.701     0.701       702\n",
    "cv_fold_acc": [
      0.7051282051282052,
      0.6688034188034188,
      0.6816239316239316,
      0.7115384615384616,
      0.6944444444444444
    ],
    "cv_mean_acc": 0.6923076923076923,
    "cv_std_acc": 0.015526412072294852,
    "feature_importances": {
      "Theta": 0.24321168824165254,
      "Gamma": 0.21215703043869744,
      "Alpha": 0.19051457750168396,
      "Delta": 0.1803798867923755,
      "Beta": 0.17373681702559055
    }
  },
  "by_condition": {
    "S1": {
      "TRTR_acc": 0.6916666666666667,
      "ROC_AUC": 0.7730208333333334,
      "confusion_matrix": [
        [
          85,
          35
        ],
        [
          39,
          81
        ]
      ],
      "classification_report": "              precision    recall  f1-score   support\n\n           0      0.685     0.708     0.697       120\n           1      0.698     0.675     0.686       120\n\n    accuracy                          0.692       240\n   macro avg      0.692     0.692     0.692       240\nweighted avg      0.692     0.692     0.692       240\n",
      "n_samples": 800
    },
    "S2_match": {
      "TRTR_acc": 0.7364016736401674,
      "ROC_AUC": 0.8248949579831933,
      "confusion_matrix": [
        [
          86,
          33
        ],
        [
          30,
          90
        ]
      ],
      "classification_report": "              precision    recall  f1-score   support\n\n           0      0.741     0.723     0.732       119\n           1      0.732     0.750     0.741       120\n\n    accuracy                          0.736       239\n   macro avg      0.737     0.736     0.736       239\nweighted avg      0.737     0.736     0.736       239\n",
      "n_samples": 795
    },
    "S2_nomatch": {
      "TRTR_acc": 0.7410714285714286,
      "ROC_AUC": 0.8374790719923463,
      "confusion_matrix": [
        [
          82,
          29
        ],
        [
          29,
          84
        ]
      ],
      "classification_report": "              precision    recall  f1-score   support\n\n           0      0.739     0.739     0.739       111\n           1      0.743     0.743     0.743       113\n\n    accuracy                          0.741       224\n   macro avg      0.741     0.741     0.741       224\nweighted avg      0.741     0.741     0.741       224\n",
      "n_samples": 745
    }
  },
  "meta": {
    "n_samples": 2340,
    "n_features": 5,
    "bands": [
      "Delta",
      "Theta",
      "Alpha",
      "Beta",
      "Gamma"
    ],
    "label_col": "label",
    "condition_col": "Condition"
  }
}